{
  "version": "2019.2",
  "applications": [],
  "platforms": [
    {
      "name": "zbd"
    }
  ],
  "systems": [
    {
      "name": "app_anaglyph_system",
      "platform": "/home/chopin/polyphony/implement/synth/zedboard/sdk.2019.2/zbd/export/zbd/zbd.xpfm",
      "sysConfig": "zbd",
      "applications": [
        {
          "name": "app_anaglyph",
          "platform": "/home/chopin/polyphony/implement/synth/zedboard/sdk.2019.2/zbd/export/zbd/zbd.xpfm",
          "platformPath": "/home/chopin/polyphony/implement/synth/zedboard/sdk.2019.2/zbd/export/zbd",
          "sysConfig": "zbd",
          "domain": "standalone_domain",
          "system": "app_anaglyph_system"
        }
      ],
      "platformPath": "/home/chopin/polyphony/implement/synth/zedboard/sdk.2019.2/zbd/export/zbd"
    },
    {
      "name": "app_cook_torrance_system",
      "platform": "/home/chopin/polyphony/implement/synth/zedboard/sdk.2019.2/zbd/export/zbd/zbd.xpfm",
      "sysConfig": "zbd",
      "applications": [
        {
          "name": "app_cook_torrance",
          "platform": "/home/chopin/polyphony/implement/synth/zedboard/sdk.2019.2/zbd/export/zbd/zbd.xpfm",
          "platformPath": "/home/chopin/polyphony/implement/synth/zedboard/sdk.2019.2/zbd/export/zbd",
          "sysConfig": "zbd",
          "domain": "standalone_domain",
          "system": "app_cook_torrance_system"
        }
      ],
      "platformPath": "/home/chopin/polyphony/implement/synth/zedboard/sdk.2019.2/zbd/export/zbd"
    },
    {
      "name": "app_earth_system",
      "platform": "/home/chopin/polyphony/implement/synth/zedboard/sdk.2019.2/zbd/export/zbd/zbd.xpfm",
      "sysConfig": "zbd",
      "applications": [
        {
          "name": "app_earth",
          "platform": "/home/chopin/polyphony/implement/synth/zedboard/sdk.2019.2/zbd/export/zbd/zbd.xpfm",
          "platformPath": "/home/chopin/polyphony/implement/synth/zedboard/sdk.2019.2/zbd/export/zbd",
          "sysConfig": "zbd",
          "domain": "standalone_domain",
          "system": "app_earth_system"
        }
      ],
      "platformPath": "/home/chopin/polyphony/implement/synth/zedboard/sdk.2019.2/zbd/export/zbd"
    },
    {
      "name": "app_moving_lights_system",
      "platform": "/home/chopin/polyphony/implement/synth/zedboard/sdk.2019.2/zbd/export/zbd/zbd.xpfm",
      "sysConfig": "zbd",
      "applications": [
        {
          "name": "app_moving_lights",
          "platform": "/home/chopin/polyphony/implement/synth/zedboard/sdk.2019.2/zbd/export/zbd/zbd.xpfm",
          "platformPath": "/home/chopin/polyphony/implement/synth/zedboard/sdk.2019.2/zbd/export/zbd",
          "sysConfig": "zbd",
          "domain": "standalone_domain",
          "system": "app_moving_lights_system"
        }
      ],
      "platformPath": "/home/chopin/polyphony/implement/synth/zedboard/sdk.2019.2/zbd/export/zbd"
    },
    {
      "name": "app_skinning_system",
      "platform": "/home/chopin/polyphony/implement/synth/zedboard/sdk.2019.2/zbd/export/zbd/zbd.xpfm",
      "sysConfig": "zbd",
      "applications": [
        {
          "name": "app_skinning",
          "platform": "/home/chopin/polyphony/implement/synth/zedboard/sdk.2019.2/zbd/export/zbd/zbd.xpfm",
          "platformPath": "/home/chopin/polyphony/implement/synth/zedboard/sdk.2019.2/zbd/export/zbd",
          "sysConfig": "zbd",
          "domain": "standalone_domain",
          "system": "app_skinning_system"
        }
      ],
      "platformPath": "/home/chopin/polyphony/implement/synth/zedboard/sdk.2019.2/zbd/export/zbd"
    }
  ],
  "others": []
}